{"cameraMode":{"drawMode":0,"name":"Shaded","section":"Shading Mode"},"sceneLighting":true,"audioPlay":false,"sceneViewState":{"showFog":true,"showMaterialUpdate":false,"showSkybox":true,"showFlares":true,"showImageEffects":true,"showParticleSystems":true},"in2DMode":false,"pivot":{"x":-3.5377118587493898,"y":0.8793692588806152,"z":-4.984894752502441},"rotation":{"x":-0.10447214543819428,"y":0.8922507762908936,"z":-0.2675328254699707,"w":-0.3484255373477936},"size":4.128609657287598,"orthographic":false}