{"cameraMode":{"drawMode":0,"name":"Shaded","section":"Shading Mode"},"sceneLighting":true,"audioPlay":false,"sceneViewState":{"showFog":true,"showMaterialUpdate":false,"showSkybox":true,"showFlares":true,"showImageEffects":true,"showParticleSystems":true},"in2DMode":false,"pivot":{"x":6.479062080383301,"y":2.7888662815093996,"z":-8.218947410583496},"rotation":{"x":0.06500321626663208,"y":0.8463538289070129,"z":-0.10624713450670243,"w":0.5178526639938355},"size":3.808326005935669,"orthographic":false}