{"cameraMode":{"drawMode":0,"name":"Shaded","section":"Shading Mode"},"sceneLighting":true,"audioPlay":false,"sceneViewState":{"showFog":true,"showMaterialUpdate":false,"showSkybox":true,"showFlares":true,"showImageEffects":true,"showParticleSystems":true},"in2DMode":false,"pivot":{"x":1.992960810661316,"y":0.897175669670105,"z":-0.3807031512260437},"rotation":{"x":0.018543926998972894,"y":0.9350813627243042,"z":-0.049495238810777667,"w":0.35047003626823428},"size":6.759321212768555,"orthographic":true}