{"cameraMode":{"drawMode":0,"name":"Shaded","section":"Shading Mode"},"sceneLighting":true,"audioPlay":false,"sceneViewState":{"showFog":true,"showMaterialUpdate":false,"showSkybox":true,"showFlares":true,"showImageEffects":true,"showParticleSystems":true},"in2DMode":false,"pivot":{"x":0.19928793609142304,"y":0.8099488615989685,"z":-4.004164218902588},"rotation":{"x":-0.008386378176510334,"y":0.9844955205917358,"z":-0.04909171909093857,"w":-0.16819123923778535},"size":3.2147300243377687,"orthographic":false}