{"cameraMode":{"drawMode":0,"name":"Shaded","section":"Shading Mode"},"sceneLighting":true,"audioPlay":false,"sceneViewState":{"showFog":true,"showMaterialUpdate":false,"showSkybox":true,"showFlares":true,"showImageEffects":true,"showParticleSystems":true},"in2DMode":false,"pivot":{"x":-10.390626907348633,"y":3.058535575866699,"z":4.308841705322266},"rotation":{"x":-0.011823478154838086,"y":-0.6963227391242981,"z":-0.01147862896323204,"w":0.7175396680831909},"size":4.537501811981201,"orthographic":false}