{"cameraMode":{"drawMode":0,"name":"Shaded","section":"Shading Mode"},"sceneLighting":true,"audioPlay":false,"sceneViewState":{"showFog":true,"showMaterialUpdate":false,"showSkybox":true,"showFlares":true,"showImageEffects":true,"showParticleSystems":true},"in2DMode":false,"pivot":{"x":-0.08410821855068207,"y":1.1064122915267945,"z":-28.579235076904298},"rotation":{"x":-0.000279612751910463,"y":-0.9990801215171814,"z":0.04235941171646118,"w":-0.0066762943752110008},"size":22.0,"orthographic":false}