{"cameraMode":{"drawMode":0,"name":"Shaded","section":"Shading Mode"},"sceneLighting":true,"audioPlay":false,"sceneViewState":{"showFog":true,"showMaterialUpdate":false,"showSkybox":true,"showFlares":true,"showImageEffects":true,"showParticleSystems":true},"in2DMode":false,"pivot":{"x":16.228776931762697,"y":-0.759690523147583,"z":-29.969505310058595},"rotation":{"x":0.016199735924601556,"y":0.9621443152427673,"z":-0.058683160692453387,"w":0.2656543254852295},"size":29.938961029052736,"orthographic":false}