{"cameraMode":{"drawMode":0,"name":"Shaded","section":"Shading Mode"},"sceneLighting":true,"audioPlay":false,"sceneViewState":{"showFog":true,"showMaterialUpdate":false,"showSkybox":true,"showFlares":true,"showImageEffects":true,"showParticleSystems":true},"in2DMode":false,"pivot":{"x":3.3965067863464357,"y":3.3303065299987795,"z":-8.641939163208008},"rotation":{"x":0.28846216201782229,"y":0.6628004312515259,"z":-0.3094562888145447,"w":0.617836594581604},"size":1.5452344417572022,"orthographic":false}