{"cameraMode":{"drawMode":0,"name":"Shaded","section":"Shading Mode"},"sceneLighting":true,"audioPlay":false,"sceneViewState":{"showFog":true,"showMaterialUpdate":false,"showSkybox":true,"showFlares":true,"showImageEffects":true,"showParticleSystems":true},"in2DMode":false,"pivot":{"x":-0.10737133026123047,"y":-0.6469650268554688,"z":0.47434088587760928},"rotation":{"x":-0.33882781863212588,"y":-0.6283057332038879,"z":0.35146769881248476,"w":-0.6057211756706238},"size":22.0,"orthographic":false}