{"cameraMode":{"drawMode":0,"name":"Shaded","section":"Shading Mode"},"sceneLighting":true,"audioPlay":false,"sceneViewState":{"showFog":true,"showMaterialUpdate":false,"showSkybox":true,"showFlares":true,"showImageEffects":true,"showParticleSystems":true},"in2DMode":false,"pivot":{"x":4.910945892333984,"y":2.838369369506836,"z":6.344287872314453},"rotation":{"x":0.22252285480499268,"y":-0.2962433993816376,"z":0.07118145376443863,"w":0.926097571849823},"size":61.92683410644531,"orthographic":false}