{"cameraMode":{"drawMode":0,"name":"Shaded","section":"Shading Mode"},"sceneLighting":true,"audioPlay":false,"sceneViewState":{"showFog":true,"showMaterialUpdate":false,"showSkybox":true,"showFlares":true,"showImageEffects":true,"showParticleSystems":true},"in2DMode":false,"pivot":{"x":24.07639503479004,"y":4.538193225860596,"z":-25.77710723876953},"rotation":{"x":-0.012218749150633812,"y":0.9109631776809692,"z":0.02705421857535839,"w":0.41141819953918459},"size":27.089305877685548,"orthographic":false}