{"cameraMode":{"drawMode":0,"name":"Shaded","section":"Shading Mode"},"sceneLighting":true,"audioPlay":false,"sceneViewState":{"showFog":true,"showMaterialUpdate":false,"showSkybox":true,"showFlares":true,"showImageEffects":true,"showParticleSystems":true},"in2DMode":false,"pivot":{"x":-6.215945243835449,"y":2.7902016639709474,"z":8.405056953430176},"rotation":{"x":-0.1165265291929245,"y":0.49920591711997988,"z":-0.06796280294656754,"w":-0.855918288230896},"size":4.128609657287598,"orthographic":false}