{"cameraMode":{"drawMode":0,"name":"Shaded","section":"Shading Mode"},"sceneLighting":true,"audioPlay":false,"sceneViewState":{"showFog":true,"showMaterialUpdate":false,"showSkybox":true,"showFlares":true,"showImageEffects":true,"showParticleSystems":true},"in2DMode":false,"pivot":{"x":-0.49839210510253909,"y":-1.1900005340576172,"z":9.392374038696289},"rotation":{"x":0.1300705522298813,"y":-0.07429585605859757,"z":0.009774429723620415,"w":0.9886689782142639},"size":20.498592376708986,"orthographic":false}