{"cameraMode":{"drawMode":0,"name":"Shaded","section":"Shading Mode"},"sceneLighting":true,"audioPlay":false,"sceneViewState":{"showFog":true,"showMaterialUpdate":false,"showSkybox":true,"showFlares":true,"showImageEffects":true,"showParticleSystems":true},"in2DMode":false,"pivot":{"x":5.168999671936035,"y":1.6247000694274903,"z":-8.191061019897461},"rotation":{"x":-0.1377907693386078,"y":-0.705401599407196,"z":0.6804544925689697,"w":-0.14284281432628632},"size":1.2302428483963013,"orthographic":true}