{"cameraMode":{"drawMode":0,"name":"Shaded","section":"Shading Mode"},"sceneLighting":true,"audioPlay":false,"sceneViewState":{"showFog":true,"showMaterialUpdate":false,"showSkybox":true,"showFlares":true,"showImageEffects":true,"showParticleSystems":true},"in2DMode":false,"pivot":{"x":-4.177294731140137,"y":1.0929131507873536,"z":-5.714616775512695},"rotation":{"x":0.10286302864551544,"y":-0.7506663203239441,"z":0.12037654966115952,"w":0.6414270997047424},"size":1.622231125831604,"orthographic":false}