{"cameraMode":{"drawMode":0,"name":"Shaded","section":"Shading Mode"},"sceneLighting":true,"audioPlay":false,"sceneViewState":{"showFog":true,"showMaterialUpdate":false,"showSkybox":true,"showFlares":true,"showImageEffects":true,"showParticleSystems":true},"in2DMode":false,"pivot":{"x":6.733736515045166,"y":0.9106001257896423,"z":0.33020761609077456},"rotation":{"x":0.0033374158665537836,"y":0.7201257944107056,"z":-0.003464270615950227,"w":0.6938269138336182},"size":1.5495085716247559,"orthographic":false}