{"cameraMode":{"drawMode":0,"name":"Shaded","section":"Shading Mode"},"sceneLighting":true,"audioPlay":false,"sceneViewState":{"showFog":true,"showMaterialUpdate":false,"showSkybox":true,"showFlares":true,"showImageEffects":true,"showParticleSystems":true},"in2DMode":false,"pivot":{"x":2.0004284381866457,"y":8.089860916137696,"z":-7.111843109130859},"rotation":{"x":-0.4184243679046631,"y":-0.55418461561203,"z":0.37915778160095217,"w":-0.6115880608558655},"size":3.0715339183807375,"orthographic":false}