{"cameraMode":{"drawMode":0,"name":"Shaded","section":"Shading Mode"},"sceneLighting":true,"audioPlay":false,"sceneViewState":{"showFog":true,"showMaterialUpdate":false,"showSkybox":true,"showFlares":true,"showImageEffects":true,"showParticleSystems":true},"in2DMode":false,"pivot":{"x":-4.101592063903809,"y":4.332869529724121,"z":6.266800880432129},"rotation":{"x":-0.09170611947774887,"y":-0.9037731885910034,"z":0.2443176805973053,"w":-0.3392535150051117},"size":3.2790157794952394,"orthographic":false}