{"cameraMode":{"drawMode":0,"name":"Shaded","section":"Shading Mode"},"sceneLighting":true,"audioPlay":false,"sceneViewState":{"showFog":true,"showMaterialUpdate":false,"showSkybox":true,"showFlares":true,"showImageEffects":true,"showParticleSystems":true},"in2DMode":false,"pivot":{"x":-1.3733878135681153,"y":0.48578834533691409,"z":-13.471454620361329},"rotation":{"x":-0.018737467005848886,"y":0.9662190079689026,"z":-0.07349071651697159,"w":-0.24631048738956452},"size":9.623700141906739,"orthographic":false}