{"cameraMode":{"drawMode":0,"name":"Shaded","section":"Shading Mode"},"sceneLighting":true,"audioPlay":false,"sceneViewState":{"showFog":true,"showMaterialUpdate":false,"showSkybox":true,"showFlares":true,"showImageEffects":true,"showParticleSystems":true},"in2DMode":false,"pivot":{"x":-2.1177446842193605,"y":3.4240517616271974,"z":-5.888079643249512},"rotation":{"x":0.0009942649630829692,"y":-0.9924125075340271,"z":0.12268636375665665,"w":0.008031287230551243},"size":4.297972202301025,"orthographic":false}