{"cameraMode":{"drawMode":0,"name":"Shaded","section":"Shading Mode"},"sceneLighting":true,"audioPlay":false,"sceneViewState":{"showFog":true,"showMaterialUpdate":false,"showSkybox":true,"showFlares":true,"showImageEffects":true,"showParticleSystems":true},"in2DMode":false,"pivot":{"x":6.57592248916626,"y":2.638700008392334,"z":-8.024420738220215},"rotation":{"x":-0.0027612769044935705,"y":0.9219709038734436,"z":0.006563001777976751,"w":0.38719362020492556},"size":1.8435921669006348,"orthographic":true}